--
-- PostgreSQL database dump
--

-- Dumped from database version 17.5
-- Dumped by pg_dump version 17.5

-- Started on 2025-07-04 20:46:50

SET statement_timeout = 0;
SET lock_timeout = 0;
SET idle_in_transaction_session_timeout = 0;
SET transaction_timeout = 0;
SET client_encoding = 'UTF8';
SET standard_conforming_strings = on;
SELECT pg_catalog.set_config('search_path', '', false);
SET check_function_bodies = false;
SET xmloption = content;
SET client_min_messages = warning;
SET row_security = off;

--
-- TOC entry 901 (class 1247 OID 30398)
-- Name: estado_pago_enum; Type: TYPE; Schema: public; Owner: postgres
--

CREATE TYPE public.estado_pago_enum AS ENUM (
    'COMPLETADO',
    'PENDIENTE',
    'FALLIDO'
);


ALTER TYPE public.estado_pago_enum OWNER TO postgres;

--
-- TOC entry 895 (class 1247 OID 30385)
-- Name: estado_sesion_enum; Type: TYPE; Schema: public; Owner: postgres
--

CREATE TYPE public.estado_sesion_enum AS ENUM (
    'CONFIRMADO',
    'PENDIENTE'
);


ALTER TYPE public.estado_sesion_enum OWNER TO postgres;

--
-- TOC entry 898 (class 1247 OID 30390)
-- Name: metodo_pago_enum; Type: TYPE; Schema: public; Owner: postgres
--

CREATE TYPE public.metodo_pago_enum AS ENUM (
    'TARJETA_CREDITO',
    'PAYPAL',
    'TRANSFERENCIA'
);


ALTER TYPE public.metodo_pago_enum OWNER TO postgres;

--
-- TOC entry 904 (class 1247 OID 30406)
-- Name: tipo_notificacion_est_enum; Type: TYPE; Schema: public; Owner: postgres
--

CREATE TYPE public.tipo_notificacion_est_enum AS ENUM (
    'RECORDATORIO',
    'CONFIRMACION',
    'PAGO'
);


ALTER TYPE public.tipo_notificacion_est_enum OWNER TO postgres;

--
-- TOC entry 907 (class 1247 OID 30414)
-- Name: tipo_notificacion_tutor_enum; Type: TYPE; Schema: public; Owner: postgres
--

CREATE TYPE public.tipo_notificacion_tutor_enum AS ENUM (
    'RECORDATORIO',
    'CONFIRMACION',
    'PAGO'
);


ALTER TYPE public.tipo_notificacion_tutor_enum OWNER TO postgres;

--
-- TOC entry 886 (class 1247 OID 39398)
-- Name: tiponotificacionestenum; Type: TYPE; Schema: public; Owner: postgres
--

CREATE TYPE public.tiponotificacionestenum AS ENUM (
    'CONFIRMACION',
    'PAGO',
    'RECORDATORIO'
);


ALTER TYPE public.tiponotificacionestenum OWNER TO postgres;

--
-- TOC entry 889 (class 1247 OID 39408)
-- Name: tiponotificaciontutorenum; Type: TYPE; Schema: public; Owner: postgres
--

CREATE TYPE public.tiponotificaciontutorenum AS ENUM (
    'CONFIRMACION',
    'RECORDATORIO',
    'RESERVA'
);


ALTER TYPE public.tiponotificaciontutorenum OWNER TO postgres;

--
-- TOC entry 4719 (class 2605 OID 39406)
-- Name: CAST (public.tiponotificacionestenum AS character varying); Type: CAST; Schema: -; Owner: -
--

CREATE CAST (public.tiponotificacionestenum AS character varying) WITH INOUT AS IMPLICIT;


--
-- TOC entry 4720 (class 2605 OID 39416)
-- Name: CAST (public.tiponotificaciontutorenum AS character varying); Type: CAST; Schema: -; Owner: -
--

CREATE CAST (public.tiponotificaciontutorenum AS character varying) WITH INOUT AS IMPLICIT;


--
-- TOC entry 4638 (class 2605 OID 39405)
-- Name: CAST (character varying AS public.tiponotificacionestenum); Type: CAST; Schema: -; Owner: -
--

CREATE CAST (character varying AS public.tiponotificacionestenum) WITH INOUT AS IMPLICIT;


--
-- TOC entry 4639 (class 2605 OID 39415)
-- Name: CAST (character varying AS public.tiponotificaciontutorenum); Type: CAST; Schema: -; Owner: -
--

CREATE CAST (character varying AS public.tiponotificaciontutorenum) WITH INOUT AS IMPLICIT;


SET default_tablespace = '';

SET default_table_access_method = heap;

--
-- TOC entry 240 (class 1259 OID 39282)
-- Name: centros_estudio; Type: TABLE; Schema: public; Owner: postgres
--

CREATE TABLE public.centros_estudio (
    id bigint NOT NULL,
    nombre character varying(255) NOT NULL
);


ALTER TABLE public.centros_estudio OWNER TO postgres;

--
-- TOC entry 239 (class 1259 OID 39281)
-- Name: centros_estudio_id_seq; Type: SEQUENCE; Schema: public; Owner: postgres
--

ALTER TABLE public.centros_estudio ALTER COLUMN id ADD GENERATED BY DEFAULT AS IDENTITY (
    SEQUENCE NAME public.centros_estudio_id_seq
    START WITH 1
    INCREMENT BY 1
    NO MINVALUE
    NO MAXVALUE
    CACHE 1
);


--
-- TOC entry 226 (class 1259 OID 30478)
-- Name: disponibilidades; Type: TABLE; Schema: public; Owner: postgres
--

CREATE TABLE public.disponibilidades (
    id bigint NOT NULL,
    tutor_id bigint NOT NULL,
    fecha date NOT NULL,
    hora_inicial timestamp without time zone NOT NULL,
    hora_final timestamp without time zone NOT NULL
);


ALTER TABLE public.disponibilidades OWNER TO postgres;

--
-- TOC entry 225 (class 1259 OID 30477)
-- Name: disponibilidades_id_seq; Type: SEQUENCE; Schema: public; Owner: postgres
--

CREATE SEQUENCE public.disponibilidades_id_seq
    AS integer
    START WITH 1
    INCREMENT BY 1
    NO MINVALUE
    NO MAXVALUE
    CACHE 1;


ALTER SEQUENCE public.disponibilidades_id_seq OWNER TO postgres;

--
-- TOC entry 4967 (class 0 OID 0)
-- Dependencies: 225
-- Name: disponibilidades_id_seq; Type: SEQUENCE OWNED BY; Schema: public; Owner: postgres
--

ALTER SEQUENCE public.disponibilidades_id_seq OWNED BY public.disponibilidades.id;


--
-- TOC entry 230 (class 1259 OID 30507)
-- Name: enlaces_sesiones; Type: TABLE; Schema: public; Owner: postgres
--

CREATE TABLE public.enlaces_sesiones (
    id bigint NOT NULL,
    sesion_id bigint NOT NULL,
    nombre character varying(150) NOT NULL,
    enlace character varying(500) NOT NULL
);


ALTER TABLE public.enlaces_sesiones OWNER TO postgres;

--
-- TOC entry 229 (class 1259 OID 30506)
-- Name: enlaces_sesiones_id_seq; Type: SEQUENCE; Schema: public; Owner: postgres
--

CREATE SEQUENCE public.enlaces_sesiones_id_seq
    AS integer
    START WITH 1
    INCREMENT BY 1
    NO MINVALUE
    NO MAXVALUE
    CACHE 1;


ALTER SEQUENCE public.enlaces_sesiones_id_seq OWNER TO postgres;

--
-- TOC entry 4968 (class 0 OID 0)
-- Dependencies: 229
-- Name: enlaces_sesiones_id_seq; Type: SEQUENCE OWNED BY; Schema: public; Owner: postgres
--

ALTER SEQUENCE public.enlaces_sesiones_id_seq OWNED BY public.enlaces_sesiones.id;


--
-- TOC entry 224 (class 1259 OID 30464)
-- Name: estudiantes; Type: TABLE; Schema: public; Owner: postgres
--

CREATE TABLE public.estudiantes (
    id bigint NOT NULL,
    usuario_id bigint NOT NULL,
    centro_estudio_id bigint NOT NULL
);


ALTER TABLE public.estudiantes OWNER TO postgres;

--
-- TOC entry 223 (class 1259 OID 30463)
-- Name: estudiantes_id_seq; Type: SEQUENCE; Schema: public; Owner: postgres
--

CREATE SEQUENCE public.estudiantes_id_seq
    AS integer
    START WITH 1
    INCREMENT BY 1
    NO MINVALUE
    NO MAXVALUE
    CACHE 1;


ALTER SEQUENCE public.estudiantes_id_seq OWNER TO postgres;

--
-- TOC entry 4969 (class 0 OID 0)
-- Dependencies: 223
-- Name: estudiantes_id_seq; Type: SEQUENCE OWNED BY; Schema: public; Owner: postgres
--

ALTER SEQUENCE public.estudiantes_id_seq OWNED BY public.estudiantes.id;


--
-- TOC entry 236 (class 1259 OID 30561)
-- Name: notificacion_estudiantes; Type: TABLE; Schema: public; Owner: postgres
--

CREATE TABLE public.notificacion_estudiantes (
    id bigint NOT NULL,
    estudiante_id bigint NOT NULL,
    titulo character varying(255) NOT NULL,
    tipo character varying(255) NOT NULL,
    texto text NOT NULL,
    fecha_creacion timestamp without time zone NOT NULL
);


ALTER TABLE public.notificacion_estudiantes OWNER TO postgres;

--
-- TOC entry 235 (class 1259 OID 30560)
-- Name: notificacion_estudiantes_id_seq; Type: SEQUENCE; Schema: public; Owner: postgres
--

CREATE SEQUENCE public.notificacion_estudiantes_id_seq
    AS integer
    START WITH 1
    INCREMENT BY 1
    NO MINVALUE
    NO MAXVALUE
    CACHE 1;


ALTER SEQUENCE public.notificacion_estudiantes_id_seq OWNER TO postgres;

--
-- TOC entry 4970 (class 0 OID 0)
-- Dependencies: 235
-- Name: notificacion_estudiantes_id_seq; Type: SEQUENCE OWNED BY; Schema: public; Owner: postgres
--

ALTER SEQUENCE public.notificacion_estudiantes_id_seq OWNED BY public.notificacion_estudiantes.id;


--
-- TOC entry 238 (class 1259 OID 30575)
-- Name: notificacion_tutores; Type: TABLE; Schema: public; Owner: postgres
--

CREATE TABLE public.notificacion_tutores (
    id bigint NOT NULL,
    tutor_id bigint NOT NULL,
    titulo character varying(255) NOT NULL,
    tipo public.tipo_notificacion_tutor_enum NOT NULL,
    texto text NOT NULL,
    fecha_creacion timestamp without time zone NOT NULL
);


ALTER TABLE public.notificacion_tutores OWNER TO postgres;

--
-- TOC entry 237 (class 1259 OID 30574)
-- Name: notificacion_tutores_id_seq; Type: SEQUENCE; Schema: public; Owner: postgres
--

CREATE SEQUENCE public.notificacion_tutores_id_seq
    AS integer
    START WITH 1
    INCREMENT BY 1
    NO MINVALUE
    NO MAXVALUE
    CACHE 1;


ALTER SEQUENCE public.notificacion_tutores_id_seq OWNER TO postgres;

--
-- TOC entry 4971 (class 0 OID 0)
-- Dependencies: 237
-- Name: notificacion_tutores_id_seq; Type: SEQUENCE OWNED BY; Schema: public; Owner: postgres
--

ALTER SEQUENCE public.notificacion_tutores_id_seq OWNED BY public.notificacion_tutores.id;


--
-- TOC entry 232 (class 1259 OID 30525)
-- Name: pagos; Type: TABLE; Schema: public; Owner: postgres
--

CREATE TABLE public.pagos (
    id bigint NOT NULL,
    tutor_id bigint NOT NULL,
    estudiante_id bigint NOT NULL,
    monto numeric(38,2) NOT NULL,
    comision_plataforma numeric(38,2) NOT NULL,
    metodo_pago character varying(255) NOT NULL,
    tipo_estado character varying(255) NOT NULL
);


ALTER TABLE public.pagos OWNER TO postgres;

--
-- TOC entry 231 (class 1259 OID 30524)
-- Name: pagos_id_seq; Type: SEQUENCE; Schema: public; Owner: postgres
--

CREATE SEQUENCE public.pagos_id_seq
    AS integer
    START WITH 1
    INCREMENT BY 1
    NO MINVALUE
    NO MAXVALUE
    CACHE 1;


ALTER SEQUENCE public.pagos_id_seq OWNER TO postgres;

--
-- TOC entry 4972 (class 0 OID 0)
-- Dependencies: 231
-- Name: pagos_id_seq; Type: SEQUENCE OWNED BY; Schema: public; Owner: postgres
--

ALTER SEQUENCE public.pagos_id_seq OWNED BY public.pagos.id;


--
-- TOC entry 234 (class 1259 OID 30544)
-- Name: resenas; Type: TABLE; Schema: public; Owner: postgres
--

CREATE TABLE public.resenas (
    id bigint NOT NULL,
    sesion_id bigint NOT NULL,
    calificacion integer NOT NULL,
    comentario text,
    CONSTRAINT resenas_calificacion_check CHECK (((calificacion >= 1) AND (calificacion <= 5)))
);


ALTER TABLE public.resenas OWNER TO postgres;

--
-- TOC entry 233 (class 1259 OID 30543)
-- Name: resenas_id_seq; Type: SEQUENCE; Schema: public; Owner: postgres
--

CREATE SEQUENCE public.resenas_id_seq
    AS integer
    START WITH 1
    INCREMENT BY 1
    NO MINVALUE
    NO MAXVALUE
    CACHE 1;


ALTER SEQUENCE public.resenas_id_seq OWNER TO postgres;

--
-- TOC entry 4973 (class 0 OID 0)
-- Dependencies: 233
-- Name: resenas_id_seq; Type: SEQUENCE OWNED BY; Schema: public; Owner: postgres
--

ALTER SEQUENCE public.resenas_id_seq OWNED BY public.resenas.id;


--
-- TOC entry 218 (class 1259 OID 30422)
-- Name: roles; Type: TABLE; Schema: public; Owner: postgres
--

CREATE TABLE public.roles (
    id integer NOT NULL,
    nombre character varying(150) NOT NULL
);


ALTER TABLE public.roles OWNER TO postgres;

--
-- TOC entry 217 (class 1259 OID 30421)
-- Name: roles_id_seq; Type: SEQUENCE; Schema: public; Owner: postgres
--

CREATE SEQUENCE public.roles_id_seq
    AS integer
    START WITH 1
    INCREMENT BY 1
    NO MINVALUE
    NO MAXVALUE
    CACHE 1;


ALTER SEQUENCE public.roles_id_seq OWNER TO postgres;

--
-- TOC entry 4974 (class 0 OID 0)
-- Dependencies: 217
-- Name: roles_id_seq; Type: SEQUENCE OWNED BY; Schema: public; Owner: postgres
--

ALTER SEQUENCE public.roles_id_seq OWNED BY public.roles.id;


--
-- TOC entry 228 (class 1259 OID 30490)
-- Name: sesiones; Type: TABLE; Schema: public; Owner: postgres
--

CREATE TABLE public.sesiones (
    id bigint NOT NULL,
    tutor_id bigint NOT NULL,
    estudiante_id bigint NOT NULL,
    fecha date NOT NULL,
    hora_inicial timestamp without time zone NOT NULL,
    hora_final timestamp without time zone NOT NULL,
    tipo_estado character varying(50) NOT NULL
);


ALTER TABLE public.sesiones OWNER TO postgres;

--
-- TOC entry 227 (class 1259 OID 30489)
-- Name: sesiones_id_seq; Type: SEQUENCE; Schema: public; Owner: postgres
--

CREATE SEQUENCE public.sesiones_id_seq
    AS integer
    START WITH 1
    INCREMENT BY 1
    NO MINVALUE
    NO MAXVALUE
    CACHE 1;


ALTER SEQUENCE public.sesiones_id_seq OWNER TO postgres;

--
-- TOC entry 4975 (class 0 OID 0)
-- Dependencies: 227
-- Name: sesiones_id_seq; Type: SEQUENCE OWNED BY; Schema: public; Owner: postgres
--

ALTER SEQUENCE public.sesiones_id_seq OWNED BY public.sesiones.id;


--
-- TOC entry 222 (class 1259 OID 30447)
-- Name: tutores; Type: TABLE; Schema: public; Owner: postgres
--

CREATE TABLE public.tutores (
    id bigint NOT NULL,
    usuario_id bigint NOT NULL,
    tarifa_hora integer NOT NULL,
    rubro character varying(150) NOT NULL,
    bio text,
    estrellas_promedio double precision DEFAULT 0.0 NOT NULL
);


ALTER TABLE public.tutores OWNER TO postgres;

--
-- TOC entry 221 (class 1259 OID 30446)
-- Name: tutores_id_seq; Type: SEQUENCE; Schema: public; Owner: postgres
--

CREATE SEQUENCE public.tutores_id_seq
    AS integer
    START WITH 1
    INCREMENT BY 1
    NO MINVALUE
    NO MAXVALUE
    CACHE 1;


ALTER SEQUENCE public.tutores_id_seq OWNER TO postgres;

--
-- TOC entry 4976 (class 0 OID 0)
-- Dependencies: 221
-- Name: tutores_id_seq; Type: SEQUENCE OWNED BY; Schema: public; Owner: postgres
--

ALTER SEQUENCE public.tutores_id_seq OWNED BY public.tutores.id;


--
-- TOC entry 220 (class 1259 OID 30431)
-- Name: usuarios; Type: TABLE; Schema: public; Owner: postgres
--

CREATE TABLE public.usuarios (
    id bigint NOT NULL,
    nombre character varying(150) NOT NULL,
    email character varying(150) NOT NULL,
    password_hash character varying(150) NOT NULL,
    rol_id integer NOT NULL,
    foto_url character varying(255)
);


ALTER TABLE public.usuarios OWNER TO postgres;

--
-- TOC entry 219 (class 1259 OID 30430)
-- Name: usuarios_id_seq; Type: SEQUENCE; Schema: public; Owner: postgres
--

CREATE SEQUENCE public.usuarios_id_seq
    AS integer
    START WITH 1
    INCREMENT BY 1
    NO MINVALUE
    NO MAXVALUE
    CACHE 1;


ALTER SEQUENCE public.usuarios_id_seq OWNER TO postgres;

--
-- TOC entry 4977 (class 0 OID 0)
-- Dependencies: 219
-- Name: usuarios_id_seq; Type: SEQUENCE OWNED BY; Schema: public; Owner: postgres
--

ALTER SEQUENCE public.usuarios_id_seq OWNED BY public.usuarios.id;


--
-- TOC entry 4726 (class 2604 OID 30723)
-- Name: disponibilidades id; Type: DEFAULT; Schema: public; Owner: postgres
--

ALTER TABLE ONLY public.disponibilidades ALTER COLUMN id SET DEFAULT nextval('public.disponibilidades_id_seq'::regclass);


--
-- TOC entry 4728 (class 2604 OID 30743)
-- Name: enlaces_sesiones id; Type: DEFAULT; Schema: public; Owner: postgres
--

ALTER TABLE ONLY public.enlaces_sesiones ALTER COLUMN id SET DEFAULT nextval('public.enlaces_sesiones_id_seq'::regclass);


--
-- TOC entry 4725 (class 2604 OID 30773)
-- Name: estudiantes id; Type: DEFAULT; Schema: public; Owner: postgres
--

ALTER TABLE ONLY public.estudiantes ALTER COLUMN id SET DEFAULT nextval('public.estudiantes_id_seq'::regclass);


--
-- TOC entry 4731 (class 2604 OID 30808)
-- Name: notificacion_estudiantes id; Type: DEFAULT; Schema: public; Owner: postgres
--

ALTER TABLE ONLY public.notificacion_estudiantes ALTER COLUMN id SET DEFAULT nextval('public.notificacion_estudiantes_id_seq'::regclass);


--
-- TOC entry 4732 (class 2604 OID 30828)
-- Name: notificacion_tutores id; Type: DEFAULT; Schema: public; Owner: postgres
--

ALTER TABLE ONLY public.notificacion_tutores ALTER COLUMN id SET DEFAULT nextval('public.notificacion_tutores_id_seq'::regclass);


--
-- TOC entry 4729 (class 2604 OID 30848)
-- Name: pagos id; Type: DEFAULT; Schema: public; Owner: postgres
--

ALTER TABLE ONLY public.pagos ALTER COLUMN id SET DEFAULT nextval('public.pagos_id_seq'::regclass);


--
-- TOC entry 4730 (class 2604 OID 30879)
-- Name: resenas id; Type: DEFAULT; Schema: public; Owner: postgres
--

ALTER TABLE ONLY public.resenas ALTER COLUMN id SET DEFAULT nextval('public.resenas_id_seq'::regclass);


--
-- TOC entry 4721 (class 2604 OID 30425)
-- Name: roles id; Type: DEFAULT; Schema: public; Owner: postgres
--

ALTER TABLE ONLY public.roles ALTER COLUMN id SET DEFAULT nextval('public.roles_id_seq'::regclass);


--
-- TOC entry 4727 (class 2604 OID 30903)
-- Name: sesiones id; Type: DEFAULT; Schema: public; Owner: postgres
--

ALTER TABLE ONLY public.sesiones ALTER COLUMN id SET DEFAULT nextval('public.sesiones_id_seq'::regclass);


--
-- TOC entry 4723 (class 2604 OID 30938)
-- Name: tutores id; Type: DEFAULT; Schema: public; Owner: postgres
--

ALTER TABLE ONLY public.tutores ALTER COLUMN id SET DEFAULT nextval('public.tutores_id_seq'::regclass);


--
-- TOC entry 4722 (class 2604 OID 30982)
-- Name: usuarios id; Type: DEFAULT; Schema: public; Owner: postgres
--

ALTER TABLE ONLY public.usuarios ALTER COLUMN id SET DEFAULT nextval('public.usuarios_id_seq'::regclass);


--
-- TOC entry 4961 (class 0 OID 39282)
-- Dependencies: 240
-- Data for Name: centros_estudio; Type: TABLE DATA; Schema: public; Owner: postgres
--

COPY public.centros_estudio (id, nombre) FROM stdin;
10	Universidad Peruana de Ciencias Aplicadas (UPC)
11	Pontificia Universidad Católica del Perú (PUCP)
12	Universidad Nacional de Ingeniería (UNI)
13	Universidad Nacional Mayor de San Marcos (UNMSM)
14	Universidad de Lima (ULIMA)
15	Universidad del Pacífico (UP)
16	Universidad de Piura (UDEP)
17	Tecsup
18	SENATI
19	Cibertec
20	Universidad Nacional
21	Instituto Politécnico
22	Colegio Mayor
23	Escuela Superior de Comercio
24	Academia de Bellas Artes
25	Universidad Privada del Norte
26	Centro de Estudios Tecnológicos
27	Liceo Moderno
28	Escuela de Idiomas Internacional
29	Conservatorio de Música
30	Las alianzas del pacifico
31	Instituto de Pruebas
32	Universidad Nacional de Prueba
33	Por completar
\.


--
-- TOC entry 4947 (class 0 OID 30478)
-- Dependencies: 226
-- Data for Name: disponibilidades; Type: TABLE DATA; Schema: public; Owner: postgres
--

COPY public.disponibilidades (id, tutor_id, fecha, hora_inicial, hora_final) FROM stdin;
6	10	2025-06-06	2025-06-06 09:00:00	2025-06-06 12:00:00
7	10	2025-06-06	2025-06-06 14:00:00	2025-06-06 17:00:00
8	10	2025-06-07	2025-06-07 10:00:00	2025-06-07 13:00:00
9	11	2025-06-06	2025-06-06 10:00:00	2025-06-06 11:00:00
10	11	2025-06-06	2025-06-06 11:00:00	2025-06-06 12:00:00
11	11	2025-06-06	2025-06-06 16:00:00	2025-06-06 18:00:00
12	11	2025-06-07	2025-06-07 09:00:00	2025-06-07 17:00:00
13	12	2025-06-06	2025-06-06 18:00:00	2025-06-06 19:00:00
17	8	2025-06-06	2025-06-06 17:00:00	2025-06-06 19:00:00
16	8	2025-06-06	2025-06-06 15:00:00	2025-06-06 16:00:00
22	10	2025-06-29	2025-06-29 10:00:00	2025-06-29 11:00:00
23	10	2025-06-29	2025-06-29 15:00:00	2025-06-29 16:00:00
24	10	2025-06-30	2025-06-30 09:00:00	2025-06-30 12:00:00
25	10	2025-07-04	2025-07-04 10:00:00	2025-07-04 11:00:00
26	10	2025-07-01	2025-07-01 15:00:00	2025-07-01 16:00:00
27	10	2025-07-05	2025-07-06 09:00:00	2025-07-06 12:00:00
29	11	2025-07-01	2025-07-01 15:00:00	2025-07-01 16:00:00
33	21	2025-07-10	2025-07-10 17:00:00	2025-07-10 18:00:00
34	21	2025-06-27	2025-06-27 10:17:00	2025-06-27 10:18:00
35	21	2025-06-27	2025-06-27 10:18:00	2025-06-27 10:19:00
36	21	2025-06-27	2025-06-27 10:20:00	2025-06-27 10:21:00
37	21	2025-07-01	2025-07-01 13:21:00	2025-07-01 15:21:00
32	21	2025-07-10	2025-07-10 13:00:00	2025-07-10 14:00:00
\.


--
-- TOC entry 4951 (class 0 OID 30507)
-- Dependencies: 230
-- Data for Name: enlaces_sesiones; Type: TABLE DATA; Schema: public; Owner: postgres
--

COPY public.enlaces_sesiones (id, sesion_id, nombre, enlace) FROM stdin;
13	15	Material de clase	https://drive.google.com/xyz
14	15	Reunión Zoom	https://zoom.us/abc
17	15	Material de clase 222	aaa@gmail.com
19	12	Material de clase	https://drive.google.com/xyz
20	12	Reunión Zoom	https://zoom.us/abc
23	12	Material de clase 3	https://drive.google.com/xyzzz
24	12	Reunión Zoom 3	https://zoom.us/abccc
25	12	Material de clase 4	https://drive.google.com/xyzzzZZ
26	15	Material de clase 5	https://drive.google.com/xyzzzZZ
29	27	Youtube	https://www.youtube.com/
31	27	Youtube 2	https://www.youtube2.com/
32	27	y3	https://www.youtube3.com/
33	27	y4	https://www.you4tube.com/
35	28	Material de la clase pasada	https://example.com/material.pdf
36	29	Material de la clase pasada	https://example.com/material.pdf
\.


--
-- TOC entry 4945 (class 0 OID 30464)
-- Dependencies: 224
-- Data for Name: estudiantes; Type: TABLE DATA; Schema: public; Owner: postgres
--

COPY public.estudiantes (id, usuario_id, centro_estudio_id) FROM stdin;
25	49	10
27	56	10
28	57	10
1	6	20
2	7	21
3	8	22
4	9	23
5	10	24
6	11	25
7	12	26
8	13	27
9	14	28
10	15	29
13	22	30
18	31	30
14	23	31
15	24	32
16	26	32
17	28	32
19	33	32
22	42	32
23	43	32
24	48	32
29	59	33
30	60	10
\.


--
-- TOC entry 4957 (class 0 OID 30561)
-- Dependencies: 236
-- Data for Name: notificacion_estudiantes; Type: TABLE DATA; Schema: public; Owner: postgres
--

COPY public.notificacion_estudiantes (id, estudiante_id, titulo, tipo, texto, fecha_creacion) FROM stdin;
1	1	Recordatorio Sesión Cálculo	RECORDATORIO	Tu sesión de Cálculo con Ana es mañana a las 10 AM.	2025-06-27 11:53:03.335615
2	2	Pago Confirmado React	PAGO	Tu pago para la sesión de React con Luis ha sido confirmado.	2025-06-27 11:53:03.335615
3	28	⏰ Recordatorio de tu tutoría	RECORDATORIO	Hola carls, te recordamos que tienes una sesión de Ing Software con miguel el 28 de June a las 12:06.	2025-06-27 12:09:00.235916
4	28	⏰ Recordatorio de tu tutoría	RECORDATORIO	Hola carls, te recordamos que tienes una sesión de Ing Software con miguel el 28 de June a las 12:06.	2025-06-27 12:10:00.010952
5	28	⏰ Recordatorio de tu tutoría	RECORDATORIO	Hola carls, te recordamos que tienes una sesión de Ing Software con miguel el 28 de June a las 12:06.	2025-06-27 12:11:00.009852
6	28	⏰ Recordatorio de tu tutoría	RECORDATORIO	Hola carls, te recordamos que tienes una sesión de Ing Software con miguel el 28 de June a las 12:06.	2025-06-27 12:12:00.165467
7	28	⏰ Recordatorio de tu tutoría	RECORDATORIO	Hola carls, te recordamos que tienes una sesión de Ing Software con miguel el 28 de June a las 12:12.	2025-06-27 12:13:00.153796
8	28	⏰ Recordatorio de tu tutoría	RECORDATORIO	Hola carls, te recordamos que tienes una sesión de Ing Software con miguel el 28 de June a las 12:12.	2025-06-27 12:14:00.009538
9	28	⏰ Recordatorio de tu tutoría	RECORDATORIO	Hola carls, te recordamos que tienes una sesión de Ing Software con miguel el 28 de June a las 12:12.	2025-06-27 12:15:00.010437
10	28	⏰ Recordatorio de tu tutoría	RECORDATORIO	Hola carls, te recordamos que tienes una sesión de Ing Software con miguel el 28 de June a las 12:12.	2025-06-27 12:16:00.011472
11	28	⏰ Recordatorio de tu tutoría	RECORDATORIO	Hola carls, te recordamos que tienes una sesión de Ing Software con miguel el 28 de June a las 12:12.	2025-06-27 12:17:00.01077
12	28	⏰ Recordatorio de tu tutoría	RECORDATORIO	Hola carls, te recordamos que tienes una sesión de Ing Software con miguel el 28 de June a las 12:12.	2025-06-27 12:19:00.030456
13	28	⏰ Recordatorio de tu tutoría	RECORDATORIO	Hola carls, te recordamos que tienes una sesión de Ing Software con miguel el 28 de June a las 12:12.	2025-06-27 12:20:00.006636
14	28	⏰ Recordatorio de tu tutoría	RECORDATORIO	Hola carls, te recordamos que tienes una sesión de Ing Software con miguel el 28 de June a las 12:12.	2025-06-27 12:21:00.044766
15	28	⏰ Recordatorio de tu tutoría	RECORDATORIO	Hola carls, te recordamos que tienes una sesión de Ing Software con miguel el 28 de June a las 12:12.	2025-06-27 12:22:00.011244
16	28	⏰ Recordatorio de tu tutoría	RECORDATORIO	Hola carls, te recordamos que tienes una sesión de Ing Software con miguel el 28 de June a las 12:12.	2025-06-27 12:23:00.008503
17	28	⏰ Recordatorio de tu tutoría	RECORDATORIO	Hola carls, te recordamos que tienes una sesión de Ing Software con miguel el 28 de June a las 12:12.	2025-06-27 12:29:00.026883
18	28	⏰ Recordatorio de tu tutoría	RECORDATORIO	Hola carls, te recordamos que tienes una sesión de Ing Software con miguel el 28 de June a las 12:12.	2025-06-27 12:30:00.007866
19	28	⏰ Recordatorio de tu tutoría	RECORDATORIO	Hola carls, te recordamos que tienes una sesión de Ing Software con miguel el 28 de June a las 12:12.	2025-06-27 12:31:00.010466
20	28	⏰ Recordatorio de tu tutoría	RECORDATORIO	Hola carls, te recordamos que tienes una sesión de Ing Software con miguel el 28 de June a las 12:12.	2025-06-27 12:32:00.00964
21	28	⏰ Recordatorio de tu tutoría	RECORDATORIO	Hola carls, te recordamos que tienes una sesión de Ing Software con miguel el 28 de June a las 12:12.	2025-06-27 12:33:00.007277
22	28	⏰ Recordatorio de tu tutoría	RECORDATORIO	Hola carls, te recordamos que tienes una sesión de Ing Software con miguel el 28 de June a las 12:12.	2025-06-27 12:34:00.006847
23	28	⏰ Recordatorio de tu tutoría	RECORDATORIO	Hola carls, te recordamos que tienes una sesión de Ing Software con miguel el 28 de June a las 12:12.	2025-06-27 12:35:00.005688
24	28	⏰ Recordatorio de tu tutoría	RECORDATORIO	Hola carls, te recordamos que tienes una sesión de Ing Software con miguel el 28 de June a las 12:12.	2025-06-27 12:36:00.005709
25	28	⏰ Recordatorio de tu tutoría	RECORDATORIO	Hola carls, te recordamos que tienes una sesión de Ing Software con miguel el 28 de June a las 12:12.	2025-06-27 12:37:00.162467
26	28	⏰ Recordatorio de tu tutoría	RECORDATORIO	Hola carls, te recordamos que tienes una sesión de Ing Software con miguel el 28 de June a las 12:12.	2025-06-27 12:38:00.005905
27	28	⏰ Recordatorio de tu tutoría	RECORDATORIO	Hola carls, te recordamos que tienes una sesión de Ing Software con miguel el 28 de June a las 12:12.	2025-06-27 12:39:00.006931
28	28	⏰ Recordatorio de tu tutoría	RECORDATORIO	Hola carls, te recordamos que tienes una sesión de Ing Software con miguel el 28 de June a las 12:12.	2025-06-27 12:40:00.008191
29	28	⏰ Recordatorio de tu tutoría	RECORDATORIO	Hola carls, te recordamos que tienes una sesión de Ing Software con miguel el 28 de June a las 12:12.	2025-06-27 12:41:00.0073
30	28	⏰ Recordatorio de tu tutoría	RECORDATORIO	Hola carls, te recordamos que tienes una sesión de Ing Software con miguel el 28 de June a las 12:12.	2025-06-27 12:42:00.010345
\.


--
-- TOC entry 4959 (class 0 OID 30575)
-- Dependencies: 238
-- Data for Name: notificacion_tutores; Type: TABLE DATA; Schema: public; Owner: postgres
--

COPY public.notificacion_tutores (id, tutor_id, titulo, tipo, texto, fecha_creacion) FROM stdin;
3	21	⏰ Recordatorio de tu próxima clase	RECORDATORIO	Hola miguel, te recordamos tu clase de Ing Software con carls el 28 de June a las 12:06.	2025-06-27 12:12:00.191477
4	21	⏰ Recordatorio de tu próxima clase	RECORDATORIO	Hola miguel, te recordamos tu clase de Ing Software con carls el 28 de June a las 12:12.	2025-06-27 12:13:00.179467
5	21	⏰ Recordatorio de tu próxima clase	RECORDATORIO	Hola miguel, te recordamos tu clase de Ing Software con carls el 28 de June a las 12:12.	2025-06-27 12:14:00.011533
6	21	⏰ Recordatorio de tu próxima clase	RECORDATORIO	Hola miguel, te recordamos tu clase de Ing Software con carls el 28 de June a las 12:12.	2025-06-27 12:15:00.012431
7	21	⏰ Recordatorio de tu próxima clase	RECORDATORIO	Hola miguel, te recordamos tu clase de Ing Software con carls el 28 de June a las 12:12.	2025-06-27 12:16:00.013467
8	21	⏰ Recordatorio de tu próxima clase	RECORDATORIO	Hola miguel, te recordamos tu clase de Ing Software con carls el 28 de June a las 12:12.	2025-06-27 12:17:00.013766
9	21	⏰ Recordatorio de tu próxima clase	RECORDATORIO	Hola miguel, te recordamos tu clase de Ing Software con carls el 28 de June a las 12:12.	2025-06-27 12:19:00.055392
10	21	⏰ Recordatorio de tu próxima clase	RECORDATORIO	Hola miguel, te recordamos tu clase de Ing Software con carls el 28 de June a las 12:12.	2025-06-27 12:20:00.00863
11	21	⏰ Recordatorio de tu próxima clase	RECORDATORIO	Hola miguel, te recordamos tu clase de Ing Software con carls el 28 de June a las 12:12.	2025-06-27 12:21:00.047758
12	21	⏰ Recordatorio de tu próxima clase	RECORDATORIO	Hola miguel, te recordamos tu clase de Ing Software con carls el 28 de June a las 12:12.	2025-06-27 12:22:00.014235
13	21	⏰ Recordatorio de tu próxima clase	RECORDATORIO	Hola miguel, te recordamos tu clase de Ing Software con carls el 28 de June a las 12:12.	2025-06-27 12:23:00.011495
14	21	⏰ Recordatorio de tu próxima clase	RECORDATORIO	Hola miguel, te recordamos tu clase de Ing Software con carls el 28 de June a las 12:12.	2025-06-27 12:29:00.053811
15	21	⏰ Recordatorio de tu próxima clase	RECORDATORIO	Hola miguel, te recordamos tu clase de Ing Software con carls el 28 de June a las 12:12.	2025-06-27 12:30:00.017839
16	21	⏰ Recordatorio de tu próxima clase	RECORDATORIO	Hola miguel, te recordamos tu clase de Ing Software con carls el 28 de June a las 12:12.	2025-06-27 12:31:00.012617
17	21	⏰ Recordatorio de tu próxima clase	RECORDATORIO	Hola miguel, te recordamos tu clase de Ing Software con carls el 28 de June a las 12:12.	2025-06-27 12:32:00.041124
18	21	⏰ Recordatorio de tu próxima clase	RECORDATORIO	Hola miguel, te recordamos tu clase de Ing Software con carls el 28 de June a las 12:12.	2025-06-27 12:33:00.009272
19	21	⏰ Recordatorio de tu próxima clase	RECORDATORIO	Hola miguel, te recordamos tu clase de Ing Software con carls el 28 de June a las 12:12.	2025-06-27 12:34:00.009863
20	21	⏰ Recordatorio de tu próxima clase	RECORDATORIO	Hola miguel, te recordamos tu clase de Ing Software con carls el 28 de June a las 12:12.	2025-06-27 12:35:00.007687
21	21	⏰ Recordatorio de tu próxima clase	RECORDATORIO	Hola miguel, te recordamos tu clase de Ing Software con carls el 28 de June a las 12:12.	2025-06-27 12:36:00.007711
22	21	⏰ Recordatorio de tu próxima clase	RECORDATORIO	Hola miguel, te recordamos tu clase de Ing Software con carls el 28 de June a las 12:12.	2025-06-27 12:37:00.187564
23	21	⏰ Recordatorio de tu próxima clase	RECORDATORIO	Hola miguel, te recordamos tu clase de Ing Software con carls el 28 de June a las 12:12.	2025-06-27 12:38:00.008967
24	21	⏰ Recordatorio de tu próxima clase	RECORDATORIO	Hola miguel, te recordamos tu clase de Ing Software con carls el 28 de June a las 12:12.	2025-06-27 12:39:00.008926
25	21	⏰ Recordatorio de tu próxima clase	RECORDATORIO	Hola miguel, te recordamos tu clase de Ing Software con carls el 28 de June a las 12:12.	2025-06-27 12:40:00.010163
26	21	⏰ Recordatorio de tu próxima clase	RECORDATORIO	Hola miguel, te recordamos tu clase de Ing Software con carls el 28 de June a las 12:12.	2025-06-27 12:41:00.010292
27	21	⏰ Recordatorio de tu próxima clase	RECORDATORIO	Hola miguel, te recordamos tu clase de Ing Software con carls el 28 de June a las 12:12.	2025-06-27 12:42:00.016411
\.


--
-- TOC entry 4953 (class 0 OID 30525)
-- Dependencies: 232
-- Data for Name: pagos; Type: TABLE DATA; Schema: public; Owner: postgres
--

COPY public.pagos (id, tutor_id, estudiante_id, monto, comision_plataforma, metodo_pago, tipo_estado) FROM stdin;
11	8	16	30.00	3.00	TARJETA_CREDITO	COMPLETADO
12	8	17	30.00	3.00	TARJETA_CREDITO	COMPLETADO
13	8	22	60.00	6.00	TARJETA_CREDITO	COMPLETADO
14	8	23	30.00	3.00	TARJETA_CREDITO	COMPLETADO
15	11	28	30.00	3.00	TARJETA_CREDITO	COMPLETADO
16	11	28	30.00	3.00	TARJETA_CREDITO	COMPLETADO
17	11	28	30.00	3.00	TARJETA_CREDITO	COMPLETADO
18	11	28	30.00	3.00	TARJETA_CREDITO	COMPLETADO
19	21	28	149.40	14.94	TARJETA_CREDITO	COMPLETADO
20	21	28	50.00	5.00	TARJETA_CREDITO	COMPLETADO
21	21	28	50.00	5.00	TARJETA_CREDITO	COMPLETADO
22	21	28	49.80	4.98	TARJETA_CREDITO	COMPLETADO
\.


--
-- TOC entry 4955 (class 0 OID 30544)
-- Dependencies: 234
-- Data for Name: resenas; Type: TABLE DATA; Schema: public; Owner: postgres
--

COPY public.resenas (id, sesion_id, calificacion, comentario) FROM stdin;
9	15	5	El tutor explicó muy bien y resolvió todas mis dudas.
10	16	5	El tutor explicó muy bien y resolvió todas mis dudas.
11	17	5	El tutor explicó muy bien y resolvió todas mis dudas.
12	28	4	Buena tutoria
13	29	4	Excelente
\.


--
-- TOC entry 4939 (class 0 OID 30422)
-- Dependencies: 218
-- Data for Name: roles; Type: TABLE DATA; Schema: public; Owner: postgres
--

COPY public.roles (id, nombre) FROM stdin;
1	ADMIN
2	TUTOR
3	ESTUDIANTE
\.


--
-- TOC entry 4949 (class 0 OID 30490)
-- Dependencies: 228
-- Data for Name: sesiones; Type: TABLE DATA; Schema: public; Owner: postgres
--

COPY public.sesiones (id, tutor_id, estudiante_id, fecha, hora_inicial, hora_final, tipo_estado) FROM stdin;
11	10	14	2025-06-06	2025-06-06 10:00:00	2025-06-06 11:00:00	PENDIENTE
12	10	16	2025-06-07	2025-06-07 10:00:00	2025-06-07 11:00:00	PENDIENTE
13	11	16	2025-06-07	2025-06-07 16:00:00	2025-06-07 17:00:00	PENDIENTE
14	8	16	2025-06-06	2025-06-06 16:00:00	2025-06-06 17:00:00	CONFIRMADO
15	8	17	2025-06-16	2025-06-16 16:00:00	2025-06-16 17:00:00	CONFIRMADO
16	8	22	2025-06-16	2025-06-16 17:00:00	2025-06-16 19:00:00	CONFIRMADO
17	8	23	2025-06-16	2025-06-16 15:00:00	2025-06-16 16:00:00	CONFIRMADO
18	10	27	2025-06-29	2025-06-29 10:00:00	2025-06-29 11:00:00	PENDIENTE
19	10	27	2025-06-29	2025-06-29 15:00:00	2025-06-29 16:00:00	PENDIENTE
20	10	27	2025-06-30	2025-06-30 09:00:00	2025-06-30 12:00:00	PENDIENTE
21	10	27	2025-07-01	2025-07-01 15:00:00	2025-07-01 16:00:00	PENDIENTE
22	10	27	2025-07-04	2025-07-04 10:00:00	2025-07-04 11:00:00	PENDIENTE
23	11	28	2025-07-05	2025-07-05 11:00:00	2025-07-05 12:00:00	CONFIRMADO
24	11	28	2025-07-05	2025-07-05 10:00:00	2025-07-05 11:00:00	CONFIRMADO
25	11	28	2025-07-05	2025-07-05 09:00:00	2025-07-05 10:00:00	CONFIRMADO
26	11	28	2025-07-04	2025-07-04 10:00:00	2025-07-04 11:00:00	CONFIRMADO
27	21	28	2025-07-10	2025-07-10 14:00:00	2025-07-10 17:00:00	CONFIRMADO
28	21	28	2025-06-26	2025-06-26 10:00:00	2025-06-26 11:00:00	CONFIRMADO
29	21	28	2025-06-25	2025-06-28 12:12:25.067186	2025-06-28 13:12:25.067186	CONFIRMADO
30	21	28	2025-07-10	2025-07-10 12:00:00	2025-07-10 13:00:00	CONFIRMADO
\.


--
-- TOC entry 4943 (class 0 OID 30447)
-- Dependencies: 222
-- Data for Name: tutores; Type: TABLE DATA; Schema: public; Owner: postgres
--

COPY public.tutores (id, usuario_id, tarifa_hora, rubro, bio, estrellas_promedio) FROM stdin;
10	20	25	Álgebra Lineal	Profesor con 5 años de experiencia en Álgebra y Cálculo.	4.5
11	21	30	Desarrollo Web con React	Desarrolladora Full-Stack, apasionada por enseñar tecnologías frontend.	4.8
12	22	20	Historia Universal	Historiador especializado en edad media, con maestría.	4.2
7	25	30	Programación Java	Desarrolladora Java con 5 años de experiencia enseñando.	0
8	27	30	Programación Java	Desarrolladora Java con 5 años de experiencia enseñando.	0
9	29	30	Programación Java	Desarrolladora Java con 5 años de experiencia enseñando.	0
13	38	30	Programación Java	Desarrolladora Java con 5 años de experiencia enseñando.	0
15	47	30	Programación Java	Desarrolladora Java con 5 años de experiencia enseñando.	0
16	51	30	Programación Java	Desarrolladora Java con 5 años de experiencia enseñando.	0
17	52	30	Programación Java	Desarrolladora Java con 5 años de experiencia enseñando.	0
18	53	30	Programación Java	Desarrolladora Java con 5 años de experiencia enseñando.	0
19	54	30	Programación Java	Desarrolladora Java con 5 años de experiencia enseñando.	0
20	55	30	Programación Java	Desarrolladora Java con 5 años de experiencia enseñando.	0
21	58	50	Ing Software	Se codigo	4
\.


--
-- TOC entry 4941 (class 0 OID 30431)
-- Dependencies: 220
-- Data for Name: usuarios; Type: TABLE DATA; Schema: public; Owner: postgres
--

COPY public.usuarios (id, nombre, email, password_hash, rol_id, foto_url) FROM stdin;
1	Ana Pérez (Tutor)	ana.tutor@example.com	hash_ana	2	https://i.pravatar.cc/150?u=user1
2	Luis Gómez (Tutor)	luis.tutor@example.com	hash_luis	2	https://i.pravatar.cc/150?u=user2
3	Sofía Castro (Tutor)	sofia.tutor@example.com	hash_sofia	2	https://i.pravatar.cc/150?u=user3
4	David Reyes (Tutor)	david.tutor@example.com	hash_david	2	https://i.pravatar.cc/150?u=user4
5	Laura Ortiz (Tutor)	laura.tutor@example.com	hash_laura_t	2	https://i.pravatar.cc/150?u=user5
6	Carlos Ruiz (Estudiante)	carlos.est@example.com	hash_carlos	3	https://i.pravatar.cc/150?u=user6
7	Elena Vargas (Estudiante)	elena.est@example.com	hash_elena	3	https://i.pravatar.cc/150?u=user7
8	Javier Morales (Estudiante)	javier.est@example.com	hash_javier	3	https://i.pravatar.cc/150?u=user8
9	Mónica Silva (Estudiante)	monica.est@example.com	hash_monica	3	https://i.pravatar.cc/150?u=user9
10	Pedro Romero (Estudiante)	pedro.est@example.com	hash_pedro	3	https://i.pravatar.cc/150?u=user10
11	Isabel Flores (Estudiante)	isabel.est@example.com	hash_isabel	3	https://i.pravatar.cc/150?u=user11
12	Ricardo Mendoza (Estudiante)	ricardo.est@example.com	hash_ricardo	3	https://i.pravatar.cc/150?u=user12
13	Gabriela Torres (Estudiante)	gabriela.est@example.com	hash_gabriela	3	https://i.pravatar.cc/150?u=user13
14	Fernando Herrera (Estudiante)	fernando.est@example.com	hash_fernando	3	https://i.pravatar.cc/150?u=user14
15	Daniela Cruz (Estudiante)	daniela.est@example.com	hash_daniela	3	https://i.pravatar.cc/150?u=user15
18	Ana Tutora Ejemplo	ana.tutor.ejemplo@example.com	$2a$10$TECwuwfJvOf5mWIx4CemA.cDiEY2pZN2CgqbTVYwNBfwabzgVY1kS	2	https://i.pravatar.cc/150?u=anatutor
38	Ana Tut 400	ana400.tutor.ejemplo@example.com	$2a$10$wjmtXDBI42.bdl5qKf6mD.7MfXiwxClHvpcCZNCXYjBBDzhpKY.ZC	2	https://i.pravatar.cc/150?u=anatutor
20	Carlos Santana (Tutor)	carlos.tutor@example.com	$2a$10$sC/.CV3kR4kXg3gXq0Z15uSn3XqjVd2N8J3R8.O0.XU9zQZ5XqLcS	2	https://i.pravatar.cc/150?u=carlostutor
21	Luisa Fernandez (Tutor)	luisa.tutor@example.com	$2a$10$sC/.CV3kR4kXg3gXq0Z15uSn3XqjVd2N8J3R8.O0.XU9zQZ5XqLcS	2	https://i.pravatar.cc/150?u=luisatutor
22	Pedro Marquez (Tutor)	pedro.tutor@example.com	$2a$10$sC/.CV3kR4kXg3gXq0Z15uSn3XqjVd2N8J3R8.O0.XU9zQZ5XqLcS	2	https://i.pravatar.cc/150?u=pedrotutor
23	Alumno De Prueba Para Reservas	alumno.reservas@example.com	$2a$10$R9LVH6s6Zul2SQptdueRE./BLaBg4qMV9V/J8iFjnzU2aAvZRZSNy	3	\N
24	Carlos Estudiante Ejemplo	carlos2.est.ejemplo@example.com	$2a$10$9wzoSasiWwoHT0W9mBSM6uubcKGNZihVT9AqDIWLvpHEN3.Y7E2bq	3	https://i.pravatar.cc/150?u=carlosest
25	Ana Tutora Ejemplo 2	ana2.tutor.ejemplo@example.com	$2a$10$cJ5FfIvMdBkc9FV/KjzLje.tDVgND22of8pGE/S5LOj5P577FKWE.	2	https://i.pravatar.cc/150?u=anatutor
26	Carlos Estudiante Ejemplo	carlos3.est.ejemplo@example.com	$2a$10$wSy0G.YOaIEN75bFCHB9we1jwUvHDOwaklaWHALBYYW4JmNyeuQZ6	3	https://i.pravatar.cc/150?u=carlosest
27	Ana Tutora Ejemplo	ana3.tutor.ejemplo@example.com	$2a$10$W95IdcOIRDYPNROOIWb7fODudUlGubjF9VEpxTYPePIN6CK5gKoYS	2	https://i.pravatar.cc/150?u=anatutor
28	Carlos Estudiante Ejemplo 4	carlos4.est.ejemplo@example.com	$2a$10$C4swN9i8CvM8qy3UIdhKBOra28yMtXz40mvZyoeqGXyJFUEcw24Ne	3	https://i.pravatar.cc/150?u=carlosest
29	Ana Tutora Ejemplo 4	ana4.tutor.ejemplo@example.com	$2a$10$VmdPEiOzgjkf.GfVRpT54eOoaSsjPCiy5obnUnXaTFeIiiFc4DnK.	2	https://i.pravatar.cc/150?u=anatutor
31	Estudiante Incompleto	estudiante.incompleto@example.com	$2a$10$bt0olu/8bXP1cmUPDkWQtOeyXxuM0UlavOuirKtxL9hs/MEZepp/i	3	\N
33	Carlos Estudiante Ejemplo 5	carlos5.est.ejemplo@example.com	$2a$10$3uVi.pVy2Y6eTNLweQM9qucrKzfda4iIPEZ5BlCFYP5OAYr8nu7J2	3	https://i.pravatar.cc/150?u=carlosest
53	Ana Tutor 36	ana36.tutor.ejemplo@example.com	$2a$10$ZoNOdCWmP2xJCSAe8bZNIOaQ3r93zlIXhkB/0xBdArAkPcSj9ZTqG	2	https://i.pravatar.cc/150?u=anatutor
54	Ana Tutor 37	ana37.tutor.ejemplo@example.com	$2a$10$WP.fd00SzJq6bHGJ8xBU/uu05eFCQEitllRJo1HAZzX.Mv3KXCVfa	2	https://i.pravatar.cc/150?u=anatutor
55	Ana Tutor 39	ana39.tutor.ejemplo@example.com	$2a$10$hW6vg38s1PpM02jYvaN9yOihLYsx13OuttJefFJb6JmcMxS0C0Uly	2	https://i.pravatar.cc/150?u=anatutor
42	Carlos Estudiante Ejemplo 50	carlos50.est.ejemplo@example.com	$2a$10$u7NOzLG3DwjDKurWSSOhLuNSkhOjKIcsNzMnft2og6aFAYd7msqay	3	https://i.pravatar.cc/150?u=carlosest
43	Carlos Estudiante 60	carlos60.est.ejemplo@example.com	$2a$10$s1.Bc.gby/mEeZOIRykcLO0yxg9ERDkt5dRQYbsThzBv4JZxgaJ2C	3	https://i.pravatar.cc/150?u=carlosest
47	Ana Tut 60	ana60.tutor.ejemplo@example.com	$2a$10$P9FnTkKkNEckTcBiL24adeR7SViWJ2EJhs.YD1yaDRymaYNyzdIse	2	https://i.pravatar.cc/150?u=anatutor
48	Carlos Estudiante 61	carlos61.est.ejemplo@example.com	$2a$10$nkDgA1OZxTnTzEIaB8IA8OBPzCo7Wu/3GfUOFyv6pf.U5x.VyI47e	3	https://i.pravatar.cc/150?u=carlosest
56	imanol 2	usuario@gmail.com	$2a$10$yTTFE2dgimnJ28SfqgR/leorxIX45NhxbEkds.gPeG6peBkARvguq	3	\N
57	carls	carls@gmail.com	$2a$10$imXnFYOFQ/.Jsa81YKIk5.4NOmx20/Qk5KjK3LSEFEeYeKTCPFk3u	3	
49	ibrahim imanol 2	u20191e650@upc.edu.pe	$2a$10$foOKLTjN6qHkSVx9rvB1gurswgSiMIXqykJIj6MoR.WkevEUokExW	3	https://fastly.picsum.photos/id/240/200/200.jpg?hmac=PZiJibMUuv5Zpv9MAcqLaCYJOPt-XNuDh3RPBZiGcoY
51	Ana Tutor 34	ana34.tutor.ejemplo@example.com	$2a$10$B8j/xR7W7pQ8CfjP7qbtreaxvqgOKn7WQ7po/oihMZ3EqWUyiyCVi	2	https://i.pravatar.cc/150?u=anatutor
52	Ana Tutor 35	ana35.tutor.ejemplo@example.com	$2a$10$0JvnF7tCjy8TWF8JP0TvLOKzpg30PfHrasMmieb6PD2Caw4v2329O	2	https://i.pravatar.cc/150?u=anatutor
58	miguel	miguel@gmail.com	$2a$10$bgN0J47Xqh4Q5AXgKS2M3uam9/ggKsKFYCFeWZYlACRHVKzZirEie	2	
59	Imanol Arqui	imanolaij2@gmail.com	$2a$10$0LKQO07eO5miBtuacmfwbOr6MUfMNn37X2t1kOWdC/LJS/2dvjtmC	3	https://lh3.googleusercontent.com/a/ACg8ocK2UiNSao6z0tynJSN2Z3SeaeBnbLQmbybvqqZ1VkjvI3V3Mw=s96-c
60	jordi	jordi@gmail.com	$2a$10$ZvhuHoT/xtm0rr9CGBeyn.3JF6RWlumpV8oK71TdesGVG7PSOh3Fy	3	
\.


--
-- TOC entry 4978 (class 0 OID 0)
-- Dependencies: 239
-- Name: centros_estudio_id_seq; Type: SEQUENCE SET; Schema: public; Owner: postgres
--

SELECT pg_catalog.setval('public.centros_estudio_id_seq', 33, true);


--
-- TOC entry 4979 (class 0 OID 0)
-- Dependencies: 225
-- Name: disponibilidades_id_seq; Type: SEQUENCE SET; Schema: public; Owner: postgres
--

SELECT pg_catalog.setval('public.disponibilidades_id_seq', 37, true);


--
-- TOC entry 4980 (class 0 OID 0)
-- Dependencies: 229
-- Name: enlaces_sesiones_id_seq; Type: SEQUENCE SET; Schema: public; Owner: postgres
--

SELECT pg_catalog.setval('public.enlaces_sesiones_id_seq', 36, true);


--
-- TOC entry 4981 (class 0 OID 0)
-- Dependencies: 223
-- Name: estudiantes_id_seq; Type: SEQUENCE SET; Schema: public; Owner: postgres
--

SELECT pg_catalog.setval('public.estudiantes_id_seq', 30, true);


--
-- TOC entry 4982 (class 0 OID 0)
-- Dependencies: 235
-- Name: notificacion_estudiantes_id_seq; Type: SEQUENCE SET; Schema: public; Owner: postgres
--

SELECT pg_catalog.setval('public.notificacion_estudiantes_id_seq', 30, true);


--
-- TOC entry 4983 (class 0 OID 0)
-- Dependencies: 237
-- Name: notificacion_tutores_id_seq; Type: SEQUENCE SET; Schema: public; Owner: postgres
--

SELECT pg_catalog.setval('public.notificacion_tutores_id_seq', 27, true);


--
-- TOC entry 4984 (class 0 OID 0)
-- Dependencies: 231
-- Name: pagos_id_seq; Type: SEQUENCE SET; Schema: public; Owner: postgres
--

SELECT pg_catalog.setval('public.pagos_id_seq', 22, true);


--
-- TOC entry 4985 (class 0 OID 0)
-- Dependencies: 233
-- Name: resenas_id_seq; Type: SEQUENCE SET; Schema: public; Owner: postgres
--

SELECT pg_catalog.setval('public.resenas_id_seq', 13, true);


--
-- TOC entry 4986 (class 0 OID 0)
-- Dependencies: 217
-- Name: roles_id_seq; Type: SEQUENCE SET; Schema: public; Owner: postgres
--

SELECT pg_catalog.setval('public.roles_id_seq', 4, false);


--
-- TOC entry 4987 (class 0 OID 0)
-- Dependencies: 227
-- Name: sesiones_id_seq; Type: SEQUENCE SET; Schema: public; Owner: postgres
--

SELECT pg_catalog.setval('public.sesiones_id_seq', 30, true);


--
-- TOC entry 4988 (class 0 OID 0)
-- Dependencies: 221
-- Name: tutores_id_seq; Type: SEQUENCE SET; Schema: public; Owner: postgres
--

SELECT pg_catalog.setval('public.tutores_id_seq', 21, true);


--
-- TOC entry 4989 (class 0 OID 0)
-- Dependencies: 219
-- Name: usuarios_id_seq; Type: SEQUENCE SET; Schema: public; Owner: postgres
--

SELECT pg_catalog.setval('public.usuarios_id_seq', 60, true);


--
-- TOC entry 4777 (class 2606 OID 39286)
-- Name: centros_estudio centros_estudio_pkey; Type: CONSTRAINT; Schema: public; Owner: postgres
--

ALTER TABLE ONLY public.centros_estudio
    ADD CONSTRAINT centros_estudio_pkey PRIMARY KEY (id);


--
-- TOC entry 4753 (class 2606 OID 30725)
-- Name: disponibilidades disponibilidades_pkey; Type: CONSTRAINT; Schema: public; Owner: postgres
--

ALTER TABLE ONLY public.disponibilidades
    ADD CONSTRAINT disponibilidades_pkey PRIMARY KEY (id);


--
-- TOC entry 4757 (class 2606 OID 30745)
-- Name: enlaces_sesiones enlaces_sesiones_pkey; Type: CONSTRAINT; Schema: public; Owner: postgres
--

ALTER TABLE ONLY public.enlaces_sesiones
    ADD CONSTRAINT enlaces_sesiones_pkey PRIMARY KEY (id);


--
-- TOC entry 4749 (class 2606 OID 30775)
-- Name: estudiantes estudiantes_pkey; Type: CONSTRAINT; Schema: public; Owner: postgres
--

ALTER TABLE ONLY public.estudiantes
    ADD CONSTRAINT estudiantes_pkey PRIMARY KEY (id);


--
-- TOC entry 4751 (class 2606 OID 30797)
-- Name: estudiantes estudiantes_usuario_id_key; Type: CONSTRAINT; Schema: public; Owner: postgres
--

ALTER TABLE ONLY public.estudiantes
    ADD CONSTRAINT estudiantes_usuario_id_key UNIQUE (usuario_id);


--
-- TOC entry 4773 (class 2606 OID 30810)
-- Name: notificacion_estudiantes notificacion_estudiantes_pkey; Type: CONSTRAINT; Schema: public; Owner: postgres
--

ALTER TABLE ONLY public.notificacion_estudiantes
    ADD CONSTRAINT notificacion_estudiantes_pkey PRIMARY KEY (id);


--
-- TOC entry 4775 (class 2606 OID 30830)
-- Name: notificacion_tutores notificacion_tutores_pkey; Type: CONSTRAINT; Schema: public; Owner: postgres
--

ALTER TABLE ONLY public.notificacion_tutores
    ADD CONSTRAINT notificacion_tutores_pkey PRIMARY KEY (id);


--
-- TOC entry 4767 (class 2606 OID 30850)
-- Name: pagos pagos_pkey; Type: CONSTRAINT; Schema: public; Owner: postgres
--

ALTER TABLE ONLY public.pagos
    ADD CONSTRAINT pagos_pkey PRIMARY KEY (id);


--
-- TOC entry 4769 (class 2606 OID 30881)
-- Name: resenas resenas_pkey; Type: CONSTRAINT; Schema: public; Owner: postgres
--

ALTER TABLE ONLY public.resenas
    ADD CONSTRAINT resenas_pkey PRIMARY KEY (id);


--
-- TOC entry 4771 (class 2606 OID 30890)
-- Name: resenas resenas_sesion_id_key; Type: CONSTRAINT; Schema: public; Owner: postgres
--

ALTER TABLE ONLY public.resenas
    ADD CONSTRAINT resenas_sesion_id_key UNIQUE (sesion_id);


--
-- TOC entry 4735 (class 2606 OID 30429)
-- Name: roles roles_nombre_key; Type: CONSTRAINT; Schema: public; Owner: postgres
--

ALTER TABLE ONLY public.roles
    ADD CONSTRAINT roles_nombre_key UNIQUE (nombre);


--
-- TOC entry 4737 (class 2606 OID 30427)
-- Name: roles roles_pkey; Type: CONSTRAINT; Schema: public; Owner: postgres
--

ALTER TABLE ONLY public.roles
    ADD CONSTRAINT roles_pkey PRIMARY KEY (id);


--
-- TOC entry 4755 (class 2606 OID 30905)
-- Name: sesiones sesiones_pkey; Type: CONSTRAINT; Schema: public; Owner: postgres
--

ALTER TABLE ONLY public.sesiones
    ADD CONSTRAINT sesiones_pkey PRIMARY KEY (id);


--
-- TOC entry 4745 (class 2606 OID 30940)
-- Name: tutores tutores_pkey; Type: CONSTRAINT; Schema: public; Owner: postgres
--

ALTER TABLE ONLY public.tutores
    ADD CONSTRAINT tutores_pkey PRIMARY KEY (id);


--
-- TOC entry 4747 (class 2606 OID 30969)
-- Name: tutores tutores_usuario_id_key; Type: CONSTRAINT; Schema: public; Owner: postgres
--

ALTER TABLE ONLY public.tutores
    ADD CONSTRAINT tutores_usuario_id_key UNIQUE (usuario_id);


--
-- TOC entry 4759 (class 2606 OID 31005)
-- Name: enlaces_sesiones uk1qpdvkahompykfpnwmd0bs61b; Type: CONSTRAINT; Schema: public; Owner: postgres
--

ALTER TABLE ONLY public.enlaces_sesiones
    ADD CONSTRAINT uk1qpdvkahompykfpnwmd0bs61b UNIQUE (sesion_id, nombre);


--
-- TOC entry 4779 (class 2606 OID 39288)
-- Name: centros_estudio uk9i6f1m6vrxehkm34eu0xiyie5; Type: CONSTRAINT; Schema: public; Owner: postgres
--

ALTER TABLE ONLY public.centros_estudio
    ADD CONSTRAINT uk9i6f1m6vrxehkm34eu0xiyie5 UNIQUE (nombre);


--
-- TOC entry 4761 (class 2606 OID 30757)
-- Name: enlaces_sesiones uk_enlace_sesion_sesion_enlace; Type: CONSTRAINT; Schema: public; Owner: postgres
--

ALTER TABLE ONLY public.enlaces_sesiones
    ADD CONSTRAINT uk_enlace_sesion_sesion_enlace UNIQUE (sesion_id, enlace);


--
-- TOC entry 4763 (class 2606 OID 30759)
-- Name: enlaces_sesiones uk_enlace_sesion_sesion_nombre; Type: CONSTRAINT; Schema: public; Owner: postgres
--

ALTER TABLE ONLY public.enlaces_sesiones
    ADD CONSTRAINT uk_enlace_sesion_sesion_nombre UNIQUE (sesion_id, nombre);


--
-- TOC entry 4765 (class 2606 OID 31003)
-- Name: enlaces_sesiones uke2w7cp6ed7msd0y0b92ls8ilh; Type: CONSTRAINT; Schema: public; Owner: postgres
--

ALTER TABLE ONLY public.enlaces_sesiones
    ADD CONSTRAINT uke2w7cp6ed7msd0y0b92ls8ilh UNIQUE (sesion_id, enlace);


--
-- TOC entry 4739 (class 2606 OID 31007)
-- Name: usuarios ukkfsp0s1tflm1cwlj8idhqsad0; Type: CONSTRAINT; Schema: public; Owner: postgres
--

ALTER TABLE ONLY public.usuarios
    ADD CONSTRAINT ukkfsp0s1tflm1cwlj8idhqsad0 UNIQUE (email);


--
-- TOC entry 4741 (class 2606 OID 30440)
-- Name: usuarios usuarios_email_key; Type: CONSTRAINT; Schema: public; Owner: postgres
--

ALTER TABLE ONLY public.usuarios
    ADD CONSTRAINT usuarios_email_key UNIQUE (email);


--
-- TOC entry 4743 (class 2606 OID 30984)
-- Name: usuarios usuarios_pkey; Type: CONSTRAINT; Schema: public; Owner: postgres
--

ALTER TABLE ONLY public.usuarios
    ADD CONSTRAINT usuarios_pkey PRIMARY KEY (id);


--
-- TOC entry 4784 (class 2606 OID 30941)
-- Name: disponibilidades fk_disponibilidad_tutor; Type: FK CONSTRAINT; Schema: public; Owner: postgres
--

ALTER TABLE ONLY public.disponibilidades
    ADD CONSTRAINT fk_disponibilidad_tutor FOREIGN KEY (tutor_id) REFERENCES public.tutores(id) ON DELETE CASCADE;


--
-- TOC entry 4787 (class 2606 OID 30906)
-- Name: enlaces_sesiones fk_enlace_sesion; Type: FK CONSTRAINT; Schema: public; Owner: postgres
--

ALTER TABLE ONLY public.enlaces_sesiones
    ADD CONSTRAINT fk_enlace_sesion FOREIGN KEY (sesion_id) REFERENCES public.sesiones(id) ON DELETE CASCADE;


--
-- TOC entry 4782 (class 2606 OID 30985)
-- Name: estudiantes fk_estudiante_usuario; Type: FK CONSTRAINT; Schema: public; Owner: postgres
--

ALTER TABLE ONLY public.estudiantes
    ADD CONSTRAINT fk_estudiante_usuario FOREIGN KEY (usuario_id) REFERENCES public.usuarios(id) ON DELETE CASCADE;


--
-- TOC entry 4783 (class 2606 OID 39372)
-- Name: estudiantes fk_estudiantes_centros_estudio; Type: FK CONSTRAINT; Schema: public; Owner: postgres
--

ALTER TABLE ONLY public.estudiantes
    ADD CONSTRAINT fk_estudiantes_centros_estudio FOREIGN KEY (centro_estudio_id) REFERENCES public.centros_estudio(id);


--
-- TOC entry 4791 (class 2606 OID 30817)
-- Name: notificacion_estudiantes fk_notificacion_estudiante; Type: FK CONSTRAINT; Schema: public; Owner: postgres
--

ALTER TABLE ONLY public.notificacion_estudiantes
    ADD CONSTRAINT fk_notificacion_estudiante FOREIGN KEY (estudiante_id) REFERENCES public.estudiantes(id) ON DELETE CASCADE;


--
-- TOC entry 4792 (class 2606 OID 30946)
-- Name: notificacion_tutores fk_notificacion_tutor; Type: FK CONSTRAINT; Schema: public; Owner: postgres
--

ALTER TABLE ONLY public.notificacion_tutores
    ADD CONSTRAINT fk_notificacion_tutor FOREIGN KEY (tutor_id) REFERENCES public.tutores(id) ON DELETE CASCADE;


--
-- TOC entry 4788 (class 2606 OID 30857)
-- Name: pagos fk_pago_estudiante; Type: FK CONSTRAINT; Schema: public; Owner: postgres
--

ALTER TABLE ONLY public.pagos
    ADD CONSTRAINT fk_pago_estudiante FOREIGN KEY (estudiante_id) REFERENCES public.estudiantes(id) ON DELETE CASCADE;


--
-- TOC entry 4789 (class 2606 OID 30951)
-- Name: pagos fk_pago_tutor; Type: FK CONSTRAINT; Schema: public; Owner: postgres
--

ALTER TABLE ONLY public.pagos
    ADD CONSTRAINT fk_pago_tutor FOREIGN KEY (tutor_id) REFERENCES public.tutores(id) ON DELETE CASCADE;


--
-- TOC entry 4790 (class 2606 OID 30911)
-- Name: resenas fk_resena_sesion; Type: FK CONSTRAINT; Schema: public; Owner: postgres
--

ALTER TABLE ONLY public.resenas
    ADD CONSTRAINT fk_resena_sesion FOREIGN KEY (sesion_id) REFERENCES public.sesiones(id) ON DELETE CASCADE;


--
-- TOC entry 4785 (class 2606 OID 30920)
-- Name: sesiones fk_sesion_estudiante; Type: FK CONSTRAINT; Schema: public; Owner: postgres
--

ALTER TABLE ONLY public.sesiones
    ADD CONSTRAINT fk_sesion_estudiante FOREIGN KEY (estudiante_id) REFERENCES public.estudiantes(id) ON DELETE CASCADE;


--
-- TOC entry 4786 (class 2606 OID 30956)
-- Name: sesiones fk_sesion_tutor; Type: FK CONSTRAINT; Schema: public; Owner: postgres
--

ALTER TABLE ONLY public.sesiones
    ADD CONSTRAINT fk_sesion_tutor FOREIGN KEY (tutor_id) REFERENCES public.tutores(id) ON DELETE CASCADE;


--
-- TOC entry 4781 (class 2606 OID 30990)
-- Name: tutores fk_tutor_usuario; Type: FK CONSTRAINT; Schema: public; Owner: postgres
--

ALTER TABLE ONLY public.tutores
    ADD CONSTRAINT fk_tutor_usuario FOREIGN KEY (usuario_id) REFERENCES public.usuarios(id) ON DELETE CASCADE;


--
-- TOC entry 4780 (class 2606 OID 30441)
-- Name: usuarios fk_usuario_rol; Type: FK CONSTRAINT; Schema: public; Owner: postgres
--

ALTER TABLE ONLY public.usuarios
    ADD CONSTRAINT fk_usuario_rol FOREIGN KEY (rol_id) REFERENCES public.roles(id) ON DELETE CASCADE;


-- Completed on 2025-07-04 20:46:51

--
-- PostgreSQL database dump complete
--

